<?xml version="1.0" encoding="utf-8" ?>
<dataset>
    <focuscolor color="black"></focuscolor>
    
    <themes>
        <theme>
            <name>default-theme</name>
            <title>Default</title>
            <images>default.svg</images>
            <color>#5E6062</color>
            <background>#FFFFFF</background>
            <boxbackground>#424242</boxbackground>
        </theme>
        <theme>
            <name>redgreen-theme</name>
            <title>Red/Green</title>
            <images>red-green.svg</images>
            <color>#C6DCD0</color>
            <background>#97322b</background> 
            <boxbackground>#C6DCD0</boxbackground>
        </theme>
        <theme>
            <name>blueyellow-theme</name>
            <title>Blue/yellow</title>
            <images>blue-yellow.svg</images>
            <color>#F8CD5E</color>
            <background>#001936</background>
            <boxbackground>#F8CD5E</boxbackground>
        </theme>
        <theme>
            <name>highcontrast-theme</name>
            <title>High Contrast</title>
            <images>highcontrast.svg</images>
            <color>#ED70EF</color>
            <background>#212022</background>            
            <boxbackground>#ED70EF</boxbackground>
        </theme>
    </themes>
</dataset>
